,명사,횟수,
0,십,11,0
1,주범,11,1
2,복,11,1
3,운동가,11,1
4,입자,11,1
5,개도국,11,1
6,뚜껑,11,1
7,도착,11,1
8,센트럴,11,1
9,자본,11,1
10,웹,11,1
11,함유,11,1
12,팀장,11,1
13,번가,11,1
14,응원,11,1
15,명함,11,1
16,구미,11,1
17,비상,11,1
18,분사,11,1
19,병원,11,1
20,충격,11,1
21,입점,11,1
22,중견,11,1
23,노사,11,1
24,대구,11,1
25,블록,11,1
26,유틸리티,11,1
27,대학교,11,1
28,액화천연가스,11,1
29,구상,11,1
30,지도,11,1
31,마리,11,1
32,신선,11,1
33,의존,11,1
34,벌,11,1
35,교통부,11,1
36,명칭,11,1
37,조화,11,1
38,항,11,0
39,시행령,11,1
40,사탕수수,11,1
41,출하,11,1
42,서식,11,1
43,허브,11,1
44,조립,11,1
45,의약품,11,1
46,양국,11,1
47,이웃,11,1
48,번영,11,1
49,고품질,11,1
50,쓰리,11,0
51,춘천시,11,1
52,숨,11,1
53,운전,11,1
54,노출,11,1
55,부서,11,1
56,고자,11,1
57,경남,11,1
58,페이퍼,11,1
59,대원,11,1
60,아이템,11,1
61,개편,11,1
62,채식,11,1
63,전화,11,1
64,공학,11,1
65,최다,11,1
66,콜드,11,1
67,배양,11,1
68,야경,11,1
69,플리츠,11,1
70,마마,11,1
71,현수막,11,1
72,셰프,11,1
73,퇴비,11,1
74,식혜,11,1
75,플라잉,11,1
76,피카르,11,1
77,아리수,11,1
78,쿠폰,10,1
79,대나무,10,1
80,개혁,10,1
81,충족,10,1
82,결제,10,1
83,핫,10,1
84,식민지,10,1
85,브,10,0
86,배경,10,1
87,클라우드,10,1
88,닭,10,1
89,분위기,10,1
90,상위,10,1
91,육상,10,1
92,아버지,10,1
93,옆,10,0
94,원재료,10,1
95,보,10,0
96,가이드,10,1
97,초과,10,1
98,아웃,10,1
99,쌍,10,0
100,전쟁,10,1
101,공,10,0
102,경기장,10,1
103,상담,10,1
104,부정,10,1
105,의,10,0
106,헬스,10,1
107,한겨레,10,0
108,노조,10,1
109,유망,10,1
110,사외,10,1
111,피,10,1
112,버,10,0
113,마찬가지,10,0
114,씹,10,0
115,위주,10,1
116,장려,10,1
117,격차,10,1
118,원자재,10,1
119,브라질,10,1
120,주말,10,1
121,탄소세,10,1
122,채,10,0
123,포기,10,1
124,비닐봉지,10,1
125,유식,10,1
126,동네,10,1
127,이유식,10,1
128,상용차,10,1
129,폭발,10,1
130,기조,10,1
131,다이어트,10,1
132,전사,10,1
133,전문점,10,1
134,봉지,10,1
135,인쇄,10,1
136,유진,10,1
137,열풍,10,1
138,토크,10,1
139,단점,10,1
140,식기,10,1
141,포스트,10,1
142,해소,10,1
143,수확,10,1
144,민족,10,1
145,예약,10,1
146,충북,10,1
147,내구,10,1
148,포드,10,1
149,초청,10,1
150,뒷받침,10,1
151,믹,10,0
152,블,10,0
153,간담회,10,1
154,열분,10,1
155,계열,10,1
156,집단,10,1
157,조선소,10,1
158,상단,10,1
159,잉크,10,1
160,모니터링,10,1
161,가시,10,1
162,그래픽,10,1
163,보존,10,1
164,사무소,10,1
165,탈바꿈,10,1
166,기업인,10,1
167,공용,10,1
168,참가자,10,1
169,맹정호,10,0
170,위협,10,1
171,보완,10,1
172,선사,10,1
173,제정,10,1
174,바로사,10,0
175,라이,10,0
176,인원,10,1
177,견인,10,1
178,동포,10,1
179,직후,10,1
180,항구,10,1
181,팝,10,1
182,배려,10,1
183,공존,10,1
184,외국,10,1
185,쌀겨,10,1
186,해양수산부,10,1
187,출연,10,1
188,농축,10,1
189,발수,10,1
190,발족,10,1
191,강서구,10,1
192,남해안,10,1
193,남중,10,1
194,명소,10,1
195,니로,10,1
196,부표,10,1
197,차용,10,1
198,재,10,0
199,해변,10,1
200,축발,10,1
201,화이트,10,1
202,제일제당,10,1
203,맥스,10,1
204,최우선,10,1
205,판로,10,1
206,중간,10,1
207,건설사,10,1
208,구청,10,1
209,선발,10,1
210,나우,10,1
211,남동,10,1
212,응답,10,1
213,동춘,10,1
214,요리사,10,1
215,희토류,10,1
216,우산,10,1
217,스퍼,10,1
218,소울,10,1
219,링북,10,1
220,태양열,9,1
221,검색,9,1
222,변신,9,1
223,목소리,9,1
224,개소,9,0
225,표시,9,1
226,공영,9,1
227,개국,9,1
228,화상,9,1
229,출고,9,1
230,소모,9,1
231,구입,9,1
232,복구,9,1
233,이걸,9,1
234,나중,9,1
235,이득,9,1
236,제약,9,1
237,급등,9,1
238,장바구니,9,1
239,연장,9,1
240,고가,9,1
241,타입,9,1
242,이것,9,0
243,화,9,1
244,대선,9,1
245,화성,9,1
246,무공,9,1
247,의도,9,1
248,외국인,9,1
249,자랑,9,1
250,애초,9,0
251,얼마,9,0
252,우리나라,9,1
253,지식,9,1
254,지랄,9,0
255,마지막,9,1
256,매력,9,1
257,양립,9,1
258,이탈리아,9,1
259,포,9,0
260,요약,9,1
261,보조,9,1
262,분산,9,1
263,입,9,1
264,근본,9,1
265,전날,9,1
266,예,9,0
267,메달,9,1
268,여개,9,1
269,눈물,9,1
270,전분,9,1
271,메뉴,9,1
272,적,9,1
273,영양,9,1
274,논리,9,1
275,조금,9,1
276,전투,9,1
277,컨,9,0
278,폐지,9,1
279,냉장고,9,1
280,시각,9,1
281,단어,9,1
282,구매자,9,1
283,택시,9,1
284,부합,9,1
285,장소,9,1
286,공조,9,1
287,인형,9,1
288,대상자,9,1
289,세균,9,1
290,휴먼,9,1
291,그때,9,0
292,조선업,9,1
293,일대,9,1
294,공항,9,1
295,강,9,1
296,신형,9,1
297,선생,9,1
298,탑승,9,1
299,국산화,9,1
300,메르세데스,9,1
301,실시간,9,1
302,재개,9,1
303,구석구석,9,0
304,수정,9,1
305,만평,9,1
306,대외,9,1
307,재편,9,1
308,과거,9,1
309,휘발성,9,1
310,추정,9,1
311,고유,9,1
312,폴리에스터,9,1
313,원칙,9,1
314,부두,9,1
315,모범,9,1
316,창조,9,1
317,전담,9,1
318,닷,9,0
319,로고,9,1
320,잔여,9,1
321,선급,9,1
322,화물,9,1
323,수요자,9,1
324,부과,9,1
325,답변,9,1
326,오른쪽,9,1
327,축구장,9,1
328,금개구리,9,1
329,맹꽁이,9,1
330,이주,9,1
331,베이,9,0
332,버전,9,1
333,클래스,9,1
334,영화관,9,1
335,방문객,9,1
336,단일,9,1
337,퍼스트,9,1
338,부문장,9,1
339,학습,9,1
340,신속,9,1
341,마감,9,1
342,휴,9,0
343,중점,9,1
344,품목,9,1
345,화두,9,1
346,동반,9,1
347,자리매김,9,1
348,해군,9,1
349,공인,9,1
350,질서,9,1
351,유니콘,9,1
352,대전환,9,1
353,의존도,9,1
354,공고,9,1
355,수송,9,1
356,네트워크,9,1
357,세부,9,1
358,체육,9,1
359,터,9,0
360,독려,9,1
361,색,9,0
362,강연,9,1
363,고로,9,1
364,심의,9,1
365,상금,9,1
366,융합,9,1
367,미션,9,1
368,배지,9,1
369,축적,9,1
370,아라미드,9,0
371,순차,9,1
372,소각로,9,1
373,고용부,9,1
374,용도,9,1
375,재활용품,9,1
376,증진,9,1
377,용수,9,1
378,작용,9,1
379,노스페이스,9,1
380,미트,9,1
381,고압,9,1
382,기블리,9,0
383,티스,9,0
384,시속,9,1
385,분량,9,1
386,공기업,9,1
387,약식,9,1
388,공감,9,1
389,대의,9,1
390,당진,9,1
391,특산물,9,1
392,엑스포,9,1
393,식음료,9,1
394,학원,9,1
395,봉수,9,1
396,로프웨이,9,0
397,스테이,9,1
398,귀뚜라미,9,1
399,법정,9,1
400,유원지,9,1
401,콜롬비아,9,1
402,내수면,9,1
403,아산시,9,1
404,취재,9,1
405,소금,9,1
406,세븐일레븐,9,1
407,돌문,9,1
408,천억,9,1
409,재난,8,1
410,트럼프,8,1
411,무료,8,1
412,부탁,8,1
413,스티커,8,1
414,팔,8,1
415,댓글,8,1
416,정리,8,1
417,상상,8,1
418,지원금,8,1
419,감당,8,1
420,공모전,8,1
421,지난주,8,1
422,설거지,8,1
423,수리,8,1
424,발전량,8,1
425,연기,8,1
426,인하,8,1
427,건지,8,1
428,폐쇄,8,1
429,붐,8,1
430,둘,8,0
431,냉매,8,1
432,연말,8,1
433,밤,8,1
434,하락,8,1
435,강아지,8,1
436,추석,8,1
437,방,8,0
438,그게,8,0
439,드라이브,8,1
440,스카이,8,1
441,원장,8,1
442,위촉,8,1
443,발견,8,1
444,정,8,0
445,배당,8,1
446,프라이빗,8,1
447,이치,8,1
448,놈,8,0
449,봄,8,1
450,충,8,0
451,금호,8,1
452,떡,8,0
453,합의,8,1
454,공부,8,1
455,돌입,8,1
456,한도,8,1
457,새똥,8,1
458,국영,8,1
459,자국,8,1
460,마스터,8,1
461,시절,8,1
462,식량,8,1
463,밸,8,0
464,선수,8,1
465,신경,8,1
466,둘째,8,1
467,단순,8,1
468,왕,8,1
469,레이저,8,1
470,로딩,8,1
471,오뚜기,8,1
472,자투리,8,1
473,황,8,0
474,아쿠아,8,1
475,샐러드,8,1
476,캐릭터,8,1
477,티비,8,1
478,키즈,8,1
479,에너지원,8,1
480,딸,8,1
481,민원,8,1
482,발주,8,1
483,플랜,8,1
484,뉴욕,8,1
485,완화,8,1
486,수력,8,1
487,핵융합,8,1
488,레딧,8,1
489,통일,8,1
490,완벽,8,1
491,산대,8,1
492,인도,8,1
493,안전밸브,8,1
494,디,8,0
495,실패,8,1
496,경제자유구역,8,1
497,퇴출,8,1
498,연관,8,1
499,월드,8,1
500,벽,8,1
501,분단,8,1
502,쇼핑몰,8,1
503,동향,8,1
504,특집,8,1
505,레이트,8,1
506,통운,8,1
507,감독,8,1
508,무상,8,1
509,페놀,8,1
510,메,8,0
511,유공자,8,1
512,무공해차,8,1
513,패러다임,8,1
514,팬데,8,1
515,풀이,8,1
516,파이낸셜,8,1
517,임대,8,1
518,해석,8,1
519,시너지,8,1
520,오피스,8,1
521,론,8,1
522,리아,8,1
523,최대한,8,1
524,온실,8,1
525,높이,8,1
526,공연,8,1
527,창의,8,1
528,파이프,8,1
529,마감재,8,1
530,티셔츠,8,1
531,점포,8,1
532,겨냥,8,1
533,이륜차,8,1
534,개사,8,1
535,플레이스,8,1
536,튜브,8,1
537,커뮤니케이션,8,1
538,수종,8,1
539,개조,8,1
540,의결,8,1
541,최저,8,1
542,권고,8,1
543,용역,8,1
544,오렌지,8,1
545,표준,8,1
546,채택,8,1
547,포부,8,1
548,김포,8,1
549,팽나무,8,1
550,시즌,8,1
551,강동구,8,1
552,공청회,8,1
553,산학,8,1
554,마곡,8,1
555,미추홀,8,1
556,주체,8,1
557,세포,8,1
558,포식,8,1
559,장지,8,1
560,품격,8,1
561,광복,8,1
562,인사,8,1
563,유행,8,1
564,양질,8,1
565,저소득층,8,1
566,선전,8,1
567,임시,8,1
568,현안,8,1
569,제조업,8,1
570,성장세,8,1
571,단축,8,1
572,관내,8,1
573,대당,8,1
574,추출물,8,1
575,마창민,8,0
576,김지애,8,1
577,축사,8,1
578,혼합,8,1
579,전주,8,1
580,항균,8,1
581,외벽,8,1
582,리사이클링,8,1
583,인증서,8,1
584,주최,8,1
585,마을,8,1
586,세종,8,1
587,응모,8,1
588,당선작,8,1
589,뉴시스,8,1
590,종로구,8,1
591,자립,8,1
592,토론회,8,1
593,벨트,8,1
594,비거니즘,8,1
595,실리카,8,1
596,복원,8,1
597,확립,8,1
598,결의,8,1
599,식사,8,1
600,액체,8,1
601,사이언,8,1
602,서면,8,1
603,연합회,8,1
604,스텔란,8,1
605,동해,8,1
606,가전제품,8,1
607,브레이크,8,1
608,협동조합,8,1
609,포괄,8,1
610,한국가스공사,8,1
611,엘엔지,8,1
612,나일론,8,1
613,메탄올,8,1
614,연출,8,1
615,에프,8,1
616,접목,8,1
617,미스트,8,1
618,타임,8,1
619,영향력,8,1
620,종료,8,1
621,남산,8,1
622,랜드마크,8,1
623,직장,8,1
624,냉난방,8,1
625,데모,8,1
626,출자,8,1
627,가게,8,1
628,휴식,8,1
629,본점,8,1
630,순도,8,1
631,지에스,8,1
632,이용자,8,1
633,린,8,0
634,브로드밴드,8,1
635,한국전력,8,1
636,퍼플,8,1
637,롯데월드,8,1
638,양조장,8,1
639,상상마당,8,1
640,도매,8,1
641,강레오,8,0
642,멜론,8,1
643,메탄,8,1
644,블레이드,8,1
645,멕스,8,1
646,웰러,8,1
647,가석방,8,1
648,완,8,1
649,디시안,8,1
650,롯데호텔,8,1
651,날씨,7,1
652,추모,7,1
653,중고,7,1
654,언제,7,1
655,화폐,7,1
656,리플,7,1
657,건가요,7,1
658,전무,7,1
659,솔,7,0
660,취향,7,1
661,소비량,7,1
662,후쿠시마,7,1
663,평소,7,1
664,매트,7,1
665,짓,7,0
666,더블,7,1
667,옵션,7,1
668,소음,7,1
669,이틀,7,1
670,저희,7,0
671,칭찬,7,1
672,캠,7,1
673,스포티지,7,1
674,세금,7,1
675,사건,7,1
676,쓸모,7,1
677,감성,7,1
678,빗물,7,1
679,우드,7,1
680,특가,7,1
681,만점,7,1
682,점수,7,1
683,경주,7,1
684,후속,7,1
685,컴퓨터,7,1
686,당일,7,1
687,공시,7,1
688,세,7,0
689,캔,7,1
690,여자,7,1
691,미장,7,1
692,선두,7,1
693,델타,7,1
694,뭘,7,0
695,독점,7,1
696,파이,7,1
697,종자,7,1
698,구글,7,1
699,칭,7,0
700,상향,7,1
701,프린팅,7,1
702,유사,7,1
703,광,7,1
704,종시,7,1
705,시나리오,7,1
706,러시아,7,1
707,컴퍼니,7,1
708,카셰어링,7,1
709,훼손,7,1
710,오토,7,1
711,런,7,0
712,갈등,7,1
713,성,7,1
714,수여,7,1
715,외교,7,1
716,리포트,7,1
717,윤,7,0
718,그날,7,0
719,아카데미,7,1
720,조국,7,1
721,덕,7,0
722,택,7,0
723,원가,7,1
724,구독,7,1
725,재건축,7,1
726,충성,7,1
727,바퀴,7,1
728,광물,7,1
729,물고기,7,1
730,교육부,7,1
731,일시,7,1
732,진흥,7,1
733,채취,7,1
734,땐,7,0
735,재원,7,1
736,창립,7,1
737,롯데칠성음료,7,1
738,추후,7,0
739,무기,7,1
740,이낙연,7,1
741,원격,7,1
742,함량,7,1
743,기저귀,7,1
744,하늘,7,1
745,입증,7,1
746,이재명,7,1
747,영화,7,1
748,라면,7,1
749,엔,7,0
750,롯데제과,7,1
751,도요타,7,1
752,점착제,7,1
753,지오,7,0
754,여명,7,1
755,직접,7,0
756,골자,7,1
757,패권,7,1
758,특구,7,1
759,체질,7,1
760,유해성,7,1
761,환자,7,1
762,이내,7,1
763,미포,7,1
764,원천,7,1
765,발송,7,1
766,캡,7,0
767,이색,7,1
768,아티스트,7,1
769,라이브,7,1
770,전라남도,7,1
771,급속,7,1
772,치약,7,1
773,조깅,7,1
774,도청,7,1
775,축소,7,1
776,총회,7,1
777,노르웨이,7,1
778,레디,7,1
779,운반선,7,1
780,녹,7,1
781,정의,7,1
782,계절,7,1
783,부착,7,1
784,훈련,7,1
785,이정표,7,1
786,공생,7,1
787,식재,7,1
788,니스,7,1
789,골프,7,1
790,축제,7,1
791,창고,7,1
792,유창,7,1
793,교실,7,1
794,초등,7,1
795,지상,7,1
796,걸음,7,1
797,항원,7,1
798,니즈,7,1
799,남성,7,1
800,치료,7,1
801,엔지니어링,7,1
802,주간,7,1
803,분해기,7,1
804,홍범,7,0
805,농민,7,1
806,안보,7,1
807,상국,7,1
808,존중,7,1
809,약자,7,1
810,연대,7,1
811,보편,7,1
812,권역,7,1
813,건의,7,1
814,넥슨,7,1
815,자가발전,7,1
816,베트남,7,1
817,시일,7,1
818,학,7,0
819,순환기,7,1
820,방제,7,1
821,외관,7,1
822,남부,7,1
823,연사,7,1
824,단열,7,1
825,소멸,7,1
826,코나,7,1
827,계정,7,1
828,통계,7,1
829,르노,7,1
830,소요,7,1
831,치즈,7,1
832,배합,7,1
833,분쇄,7,1
834,아웃도어,7,1
835,육,7,0
836,스파크,7,1
837,감가상각,7,1
838,수령,7,1
839,정용원,7,1
840,관리인,7,1
841,공익,7,1
842,회원,7,1
843,정식,7,1
844,제동,7,1
845,모드,7,1
846,트레인,7,1
847,신종,7,1
848,감염증,7,1
849,감안,7,1
850,그리니,7,1
851,선인장,7,1
852,고군,7,1
853,입찰,7,1
854,독보,7,1
855,감지,7,1
856,주차,7,1
857,인공,7,1
858,무선,7,1
859,매니저,7,1
860,굿,7,1
861,강혁,7,1
862,힙,7,1
863,스노우,7,1
864,캐슬,7,1
865,호조,7,1
866,식자재,7,1
867,아모레,7,1
868,순이익,7,1
869,이노,7,0
870,서류,7,1
871,이마트,7,1
872,피플,7,1
873,관세청,7,1
874,수입액,7,1
875,마리아,7,1
876,전광판,7,1
877,산단,7,1
878,묶음,7,1
879,중남미,7,1
880,취업,7,1
881,준공식,7,1
882,네트,7,1
883,해링턴,7,1
884,생육,7,1
885,국철,7,1
886,웰치,7,1
887,장성,7,1
888,전통주,7,1
889,집안,7,1
890,실습선,7,1
891,우렁,7,1
892,무산,7,1
893,저자,7,1
894,열차,7,1
895,다리미,7,1
896,카드뮴,7,1
897,코보리,7,1
898,이우혁,7,1
899,김영배,7,1
900,무중력,7,1
901,자연환경,6,1
902,케이스,6,1
903,방치,6,1
904,상당수,6,1
905,홈플러스,6,1
906,습기,6,1
907,개당,6,1
908,결론,6,1
909,이건,6,1
910,펌프,6,1
911,임산부,6,1
912,한숨,6,1
913,프레쉬,6,1
914,쿠팡,6,1
915,업종,6,1
916,골드,6,1
917,퍼시픽,6,1
918,열량,6,1
919,수자원,6,1
920,탑,6,0
921,아침,6,1
922,명절,6,1
923,심플,6,1
924,제목,6,1
925,문자,6,1
926,베란다,6,1
927,카,6,0
928,단기간,6,1
929,콜,6,0
930,버블,6,1
931,초보,6,1
932,공업,6,1
933,시스템즈,6,1
934,조언,6,1
935,소프트,6,1
936,컨소시엄,6,1
937,매매,6,1
938,재산,6,1
939,물가,6,1
940,특정,6,1
941,나이키,6,1
942,티어,6,1
943,포트,6,1
944,주자,6,1
945,현금,6,1
946,대화,6,1
947,변이,6,1
948,물티슈,6,1
949,형식,6,1
950,석,6,0
951,본인,6,1
952,밸류,6,1
953,소스,6,1
954,출신,6,1
955,파트,6,1
956,대유행,6,1
957,군산시,6,1
958,병신,6,0
959,텐,6,0
960,폭염,6,1
961,근황,6,1
962,최신,6,1
963,행정명령,6,1
964,단가,6,1
965,건가,6,1
966,픽,6,0
967,단기,6,1
968,감속,6,1
969,인재,6,1
970,시정,6,1
971,주입,6,1
972,강세,6,1
973,영,6,0
974,어댑터,6,1
975,인사이트,6,1
976,평창,6,1
977,절대,6,1
978,슈퍼,6,1
979,연설,6,1
980,포크,6,1
981,황민현,6,1
982,캐리어,6,1
983,리뉴,6,1
984,저게,6,0
985,왕겨,6,1
986,종말,6,1
987,밥,6,1
988,대대,6,1
989,샷,6,0
990,강남,6,1
991,과천,6,1
992,쌤,6,0
993,비닐하우스,6,1
994,락,6,0
995,족,6,0
996,향수,6,1
997,청사진,6,1
998,해운,6,1
999,지인,6,1
1000,호르몬,6,1
1001,빛,6,1
1002,레드,6,1
1003,길거리,6,1
1004,철,6,1
1005,링,6,0
1006,여론,6,1
1007,봇,6,0
1008,연차,6,1
1009,지리,6,1
1010,폐교,6,1
1011,한강,6,1
1012,중소형,6,1
1013,문명,6,1
1014,치열,6,1
1015,강남구,6,1
1016,근무,6,1
1017,신고,6,1
1018,월드컵,6,1
1019,자,6,0
1020,사상,6,1
1021,트랙,6,1
1022,폐식용유,6,1
1023,페라,6,0
1024,구멍,6,1
1025,감시,6,1
1026,수십,6,1
1027,전주시,6,1
1028,메이드,6,1
1029,취,6,0
1030,주의,6,1
1031,최소한,6,1
1032,적합,6,1
1033,용차,6,1
1034,헤어,6,1
1035,노바,6,0
1036,기념식,6,1
1037,표면,6,1
1038,한정판,6,1
1039,언론,6,1
1040,쿨,6,0
1041,증명,6,1
1042,산시,6,1
1043,신호탄,6,1
1044,규칙,6,1
1045,응용,6,1
1046,실험실,6,1
1047,법령,6,1
1048,터미널,6,1
1049,발판,6,1
1050,이중,6,1
1051,텔레콤,6,1
1052,파스퇴르,6,1
1053,유산균,6,1
1054,비타민,6,1
1055,젯,6,0
1056,내셔널,6,1
1057,로레알,6,1
1058,프리츠커상,6,1
1059,정원,6,1
1060,화제,6,1
1061,콤팩트,6,1
1062,도보,6,1
1063,파리,6,1
1064,지붕,6,1
1065,산책,6,1
1066,진도군,6,1
1067,횟수,6,1
1068,삼림,6,1
1069,상황실,6,1
1070,집행,6,1
1071,명시,6,1
1072,구조물,6,1
1073,분담,6,1
1074,보증,6,1
1075,박사,6,1
1076,추형,6,1
1077,편광판,6,1
1078,하단,6,1
1079,센싱,6,1
1080,객사,6,1
1081,민국,6,1
1082,김효종,6,0
1083,지축,6,1
1084,왕길동,6,1
1085,마당,6,1
1086,탐험,6,1
1087,세심,6,1
1088,업그레이드,6,1
1089,피트,6,1
1090,클럽,6,1
1091,도서관,6,1
1092,역세,6,1
1093,구도심,6,1
1094,관계사,6,1
1095,상주,6,1
1096,해체,6,1
1097,잠재력,6,1
1098,유상,6,1
1099,라이트,6,1
1100,위탁,6,1
1101,번지,6,1
1102,편안,6,1
1103,유가족,6,1
1104,후대,6,1
1105,영광,6,1
1106,선열,6,1
1107,개년,6,1
1108,강국,6,1
1109,클래식,6,1
1110,강점,6,1
1111,처지,6,1
1112,한류,6,1
1113,걸림돌,6,1
1114,노후화,6,1
1115,장기간,6,1
1116,트림,6,1
1117,함유량,6,1
1118,관리법,6,1
1119,우선,6,1
1120,가루,6,1
1121,은,6,1
1122,봉사자,6,1
1123,변호사,6,1
1124,목포시,6,1
1125,순창군,6,1
1126,반입,6,1
1127,잔류,6,1
1128,유입,6,1
1129,추산,6,1
1130,드로잉,6,1
1131,세션,6,1
1132,질의,6,1
1133,발휘,6,1
1134,착용,6,1
1135,교육감,6,1
1136,스톱,6,1
1137,교류,6,1
1138,컨트롤,6,1
1139,준중,6,1
1140,두기,6,1
1141,대면,6,1
1142,남방,6,1
1143,정기,6,1
1144,차질,6,1
1145,고속,6,1
1146,퀀텀,6,1
1147,코드,6,1
1148,폐열,6,1
1149,종이팩,6,1
1150,여대,6,1
1151,당근,6,1
1152,신상품,6,1
1153,케이,6,1
1154,파손,6,1
1155,감전,6,1
1156,보육,6,1
1157,재현,6,1
1158,이온,6,1
1159,수업,6,1
1160,두뇌,6,1
1161,오버랜드,6,1
1162,융,6,0
1163,선진,6,1
1164,기금,6,1
1165,월간,6,1
1166,신선도,6,1
1167,분자,6,1
1168,홀,6,0
1169,프로세스,6,1
1170,선적,6,1
1171,업로드,6,1
1172,진해,6,1
1173,박형준,6,1
1174,진천,6,1
1175,메가와트,6,1
1176,센서,6,1
1177,보행자,6,1
1178,서울대,6,1
1179,최지혜,6,1
1180,항생제,6,1
1181,한국전력공사,6,1
1182,회사채,6,1
1183,동구,6,1
1184,영업용,6,1
1185,교사,6,1
1186,파주,6,1
1187,셀룰로오스,6,1
1188,수익금,6,1
1189,마포구,6,1
1190,이관범,6,1
1191,봉수대,6,1
1192,유동,6,1
1193,태,6,0
1194,모종,6,1
1195,소방관,6,1
1196,면세점,6,1
1197,라떼,6,1
1198,허윤홍,6,1
1199,영일만,6,1
1200,네슬레,6,1
1201,활동가,6,1
1202,알,6,0
1203,오경진,6,0
1204,재계,6,1
1205,청와대,6,1
1206,회담,6,1
1207,리프팅,6,1
1208,금회,6,1
1209,프로모션,6,1
1210,농법,6,1
1211,울산시,6,1
1212,화요,6,0
1213,스파클,6,1
1214,정성,6,1
1215,전시회,6,1
1216,시설물,6,1
1217,강원랜드,6,1
1218,직불제,6,1
1219,밥알,6,1
1220,온배수,6,1
1221,농원,6,1
1222,배추,6,1
1223,도배,6,1
1224,박성호,6,0
1225,한국프로축구연맹,6,1
1226,목조,6,1
1227,바이털,6,1
1228,펠릿,6,1
1229,일주,6,1
1230,개질,6,1
1231,고온,6,1
1232,롱,6,0
1233,두피,6,1
1234,커스,6,1
1235,잠식,6,1
1236,봉,6,0
1237,만다라,6,1
1238,참,5,0
1239,마인드,5,1
1240,희생,5,1
1241,양반,5,1
1242,회원국,5,1
1243,트랙터,5,1
1244,맘,5,0
1245,곰팡이,5,1
1246,가요,5,1
1247,딜,5,0
1248,수백만,5,0
1249,클릭,5,1
1250,성명,5,1
1251,체크,5,1
1252,경관,5,1
1253,릭,5,0
1254,일자,5,1
1255,소진,5,1
1256,수세미,5,1
1257,직업,5,1
1258,하브,5,1
1259,불가,5,1
1260,신,5,1
1261,해상풍력발전,5,1
1262,시동,5,1
1263,화장실,5,1
1264,파마,5,1
1265,캘리포니아,5,1
1266,감수,5,1
1267,행정부,5,1
1268,절,5,0
1269,행진,5,1
1270,몫,5,0
1271,수용성,5,1
1272,당선,5,1
1273,이념,5,1
1274,흥미,5,1
1275,사과,5,1
1276,유아,5,1
1277,범퍼,5,1
1278,유증,5,1
1279,두중,5,1
1280,사막,5,1
1281,강제,5,1
1282,미팅,5,1
1283,통화,5,1
1284,고점,5,1
1285,고정,5,1
1286,공격,5,1
1287,마이크,5,1
1288,휴가,5,1
1289,쿼,5,0
1290,액화,5,1
1291,재앙,5,1
1292,담배,5,1
1293,갤,5,0
1294,시가총액,5,1
1295,위안,5,1
1296,일진,5,1
1297,페달,5,1
1298,부채,5,1
1299,예산안,5,1
1300,국경,5,1
1301,부진,5,1
1302,수백,5,1
1303,초안,5,1
1304,북,5,0
1305,찌꺼기,5,1
1306,샌드위치,5,1
1307,이사회,5,1
1308,갤러리,5,1
1309,애널리스트,5,1
1310,우량주,5,1
1311,사모,5,1
1312,역설,5,1
1313,거대,5,1
1314,초반,5,1
1315,숙소,5,1
1316,도금,5,1
1317,최악,5,1
1318,리더,5,1
1319,개막식,5,1
1320,토론,5,1
1321,방출,5,1
1322,파쇄,5,1
1323,회전,5,1
1324,고양이,5,1
1325,모기,5,1
1326,개미,5,1
1327,폭탄,5,1
1328,핸드,5,1
1329,난방,5,1
1330,바이크,5,1
1331,헬,5,1
1332,미터,5,1
1333,점심,5,1
1334,안내,5,1
1335,간식,5,1
1336,익명,5,1
1337,일기,5,1
1338,유지태,5,1
1339,대다수,5,1
1340,무늬,5,1
1341,트램,5,1
1342,공진,5,1
1343,만주,5,1
1344,똥,5,1
1345,위너,5,1
1346,다섯,5,1
1347,특급,5,1
1348,동지,5,1
1349,젠,5,1
1350,무한,5,1
1351,압도,5,1
1352,지대,5,1
1353,설,5,0
1354,시발,5,1
1355,버튼,5,1
1356,그림,5,1
1357,억제,5,1
1358,물론,5,1
1359,점주,5,1
1360,촉매,5,1
1361,기한,5,1
1362,포장지,5,1
1363,지열,5,1
1364,천안,5,1
1365,매립지,5,1
1366,영웅,5,1
1367,건담,5,1
1368,근접,5,1
1369,습관,5,1
1370,인지도,5,1
1371,림,5,0
1372,우라늄,5,1
1373,아카,5,0
1374,발효,5,1
1375,첨가,5,1
1376,짐,5,0
1377,탓,5,0
1378,박람회,5,1
1379,이스라엘,5,1
1380,패드,5,1
1381,쓰레기통,5,1
1382,동급,5,1
1383,동탄,5,1
1384,판교,5,1
1385,주유소,5,1
1386,퍼포먼스,5,1
1387,욕실,5,1
1388,관중,5,1
1389,발자국,5,1
1390,여파,5,1
1391,여행자,5,1
1392,카다,5,1
1393,장미,5,1
1394,국무,5,1
1395,산책로,5,1
1396,지목,5,1
1397,효소,5,1
1398,명령,5,1
1399,픽업트럭,5,1
1400,시가,5,1
1401,츠,5,0
1402,장재,5,1
1403,상공,5,1
1404,대리점,5,1
1405,콤,5,0
1406,에스티,5,1
1407,각지,5,1
1408,힐,5,0
1409,비축,5,1
1410,학계,5,1
1411,시리즈,5,1
1412,조각,5,1
1413,기법,5,1
1414,어망,5,1
1415,개정안,5,1
1416,신청자,5,1
1417,음악,5,1
1418,이명박,5,1
1419,국정,5,1
1420,상충,5,1
1421,부처,5,1
1422,산림청,5,1
1423,사양,5,1
1424,안건,5,1
1425,메디,5,1
1426,주일,5,1
1427,행사장,5,1
1428,내추럴,5,1
1429,토핑,5,1
1430,재미,5,1
1431,겉면,5,1
1432,콩기름,5,1
1433,탭,5,0
1434,임차,5,1
1435,초점,5,1
1436,깔,5,0
1437,홍대,5,1
1438,출원,5,1
1439,결식,5,1
1440,둘레길,5,1
1441,장송,5,1
1442,조형물,5,1
1443,밑,5,0
1444,황금,5,1
1445,필라테스,5,1
1446,사이언스,5,1
1447,탈피,5,1
1448,오피스텔,5,1
1449,지주사,5,1
1450,경계,5,1
1451,토탈,5,1
1452,증자,5,1
1453,완제품,5,1
1454,톱,5,0
1455,구성원,5,1
1456,최승환,5,1
1457,수목장,5,1
1458,생성,5,1
1459,착수,5,1
1460,고향,5,1
1461,책무,5,1
1462,무대,5,1
1463,착취,5,1
1464,소상,5,1
1465,동남,5,1
1466,인도네시아,5,1
1467,동아시아,5,1
1468,상쇄,5,1
1469,휘발유,5,1
1470,김진관,5,1
1471,이덕원,5,1
1472,고성능,5,1
1473,폴리에스테르,5,1
1474,이재준,5,1
1475,김영록,5,1
1476,클러스터,5,1
1477,돌파구,5,1
1478,남항,5,1
1479,차도선,5,1
1480,이목,5,1
1481,노트북,5,1
1482,지갑,5,1
1483,초미세,5,1
1484,칠,5,0
1485,장시간,5,1
1486,트리트,5,1
1487,주성분,5,1
1488,경향,5,1
1489,광양시,5,1
1490,개회식,5,1
1491,남한강,5,1
1492,스위스,5,1
1493,최문순,5,1
1494,공감대,5,1
1495,조작,5,1
1496,울산광역시,5,1
1497,중부,5,1
1498,해법,5,1
1499,회계,5,1
1500,월말,5,1
1501,이탈,5,1
1502,전공,5,1
1503,회관,5,1
1504,관광공사,5,1
1505,태그,5,1
1506,추첨,5,1
1507,부각,5,1
1508,염색,5,1
1509,세탁,5,1
1510,위장,5,1
1511,진로,5,1
1512,버거,5,1
1513,씨제이,5,1
1514,당부,5,1
1515,류체,5,1
1516,펄프,5,1
1517,포스터,5,1
1518,신념,5,1
1519,명과,5,1
1520,도래,5,1
1521,낫,5,0
1522,육류,5,1
1523,식감,5,1
1524,년차,5,1
1525,마곡동,5,1
1526,팩토리,5,1
1527,우편,5,1
1528,코란,5,1
1529,픽업,5,1
1530,전경련,5,1
1531,바이오매스,5,1
1532,단행,5,1
1533,화면,5,1
1534,리모컨,5,1
1535,베스트,5,1
1536,재무,5,1
1537,아우디,5,1
1538,큐,5,0
1539,책임자,5,1
1540,통로,5,1
1541,대체재,5,1
1542,디저트,5,1
1543,제반,5,1
1544,롯데슈퍼,5,1
1545,몸체,5,1
1546,수질,5,1
1547,투어,5,1
1548,네오,5,1
1549,프렌들리,5,1
1550,반팔,5,1
1551,황산화물,5,1
1552,흥원,5,1
1553,독성,5,1
1554,군도,5,1
1555,더위,5,1
1556,유래,5,1
1557,공로,5,1
1558,전구체,5,1
1559,칼럼,5,1
1560,세입자,5,1
1561,공방,5,1
1562,기둥,5,1
1563,과락,5,1
1564,경고,5,1
1565,주식회사,5,1
1566,게티,5,1
1567,유체,5,1
1568,내달,5,1
1569,관차,5,1
1570,조성준,5,0
1571,카테고리,5,1
1572,반려,5,1
1573,프레딧,5,1
1574,동월,5,1
1575,캠퍼스,5,1
1576,유색,5,1
1577,의회,5,1
1578,감량,5,1
1579,민,5,0
1580,여벌,5,1
1581,조미,5,1
1582,청장,5,1
1583,검출,5,1
1584,당초,5,1
1585,패스트,5,1
1586,조망,5,1
1587,하코다테,5,1
1588,관광지,5,1
1589,화물차,5,1
1590,강소,5,1
1591,당기,5,1
1592,휴맥스,5,1
1593,루프,5,1
1594,이바지,5,1
1595,소유,5,1
1596,소셜,5,1
1597,총력,5,1
1598,장병철,5,1
1599,환산,5,1
1600,중랑구,5,1
1601,질,5,1
1602,소외,5,1
1603,작성,5,1
1604,고갈,5,1
1605,보잉,5,1
1606,거래제,5,1
1607,그랜저,5,1
1608,급락,5,1
1609,에어,5,1
1610,스테이션,5,1
1611,동대문,5,1
1612,에이피,5,1
1613,소이,5,1
1614,수산화,5,1
1615,냉각수,5,1
1616,협정,5,1
1617,칠레,5,1
1618,마을금고,5,1
1619,보쉬,5,1
1620,스틸,5,1
1621,케나프,5,1
1622,품종,5,1
1623,농자,5,1
1624,프랜차이즈,5,1
1625,곤충,5,1
1626,연맹,5,1
1627,총재,5,1
1628,피스,5,1
1629,섹션,5,1
1630,스타일링,5,1
1631,그레이,5,1
1632,폴리오,5,1
1633,밭,5,1
1634,농심,5,1
1635,칵테일,5,1
1636,추억,5,1
1637,발상,5,1
1638,영농,5,1
1639,양평,5,1
1640,민주,5,1
1641,바닷속,5,1
1642,대만,5,1
1643,아연,5,1
1644,서진,5,1
1645,기체,5,1
1646,레스토랑,5,1
1647,시군,5,1
1648,당신,5,1
1649,조끼,5,1
1650,캡슐,5,1
1651,프로필,5,1
1652,쟈,5,0
1653,표기,5,1
1654,해연,5,1
1655,김누리,5,1
1656,해중합,5,1
1657,인터,5,1
1658,호기,5,1
1659,프로덕션,5,1
1660,박종오,5,1
1661,제트,5,1
1662,머리카락,5,1
1663,삼성그룹,5,1
1664,베르트랑,5,1
1665,순항,5,1
1666,군산항,5,1
1667,부원장,5,1
1668,버킷,5,1
1669,거트,5,1
1670,칸타타,5,1
1671,식탁,5,1
1672,레미콘,5,1
1673,반치,5,1
1674,모스,5,1
1675,타르트,5,1
1676,젬,5,0
1677,앞치마,5,1
1678,향기,5,1
1679,계좌,4,1
1680,벌레,4,1
1681,폐허,4,1
1682,단체장,4,1
1683,실용,4,1
1684,아이디,4,1
1685,만약,4,1
1686,감면,4,1
1687,아이스크림,4,1
1688,압박,4,1
1689,군대,4,1
1690,찬성,4,1
1691,우린,4,0
1692,그건,4,0
1693,엠블럼,4,1
1694,디자이너,4,1
1695,디젤차,4,1
1696,공해,4,1
1697,저번,4,1
1698,달걀,4,1
1699,적정,4,1
1700,비스,4,1
1701,마이너스,4,1
1702,동봉,4,1
1703,정답,4,1
1704,워,4,0
1705,지지자,4,1
1706,퍼,4,0
1707,수혜,4,1
1708,임,4,0
1709,합리,4,1
1710,배정,4,1
1711,연일,4,1
1712,귀,4,0
1713,스펙,4,1
1714,강철,4,1
1715,상한가,4,1
1716,산중,4,1
1717,셋,4,0
1718,매직,4,1
1719,남자,4,1
1720,백악관,4,1
1721,디테일,4,1
1722,스퀘어,4,1
1723,중동,4,1
1724,온리,4,1
1725,확신,4,1
1726,싸움,4,1
1727,중계,4,1
1728,환영,4,1
1729,별,4,0
1730,염,4,0
1731,후기,4,1
1732,이솔,4,1
1733,루스,4,1
1734,요새,4,1
1735,변동,4,1
1736,조심,4,1
1737,체감,4,1
1738,탱,4,0
1739,마블,4,1
1740,캐나다,4,1
1741,런던,4,1
1742,싱가포르,4,1
1743,닝,4,0
1744,순조,4,1
1745,영어,4,1
1746,재활용,4,1
1747,만화,4,1
1748,가슴,4,1
1749,부식,4,1
1750,충청남도,4,1
1751,당면,4,1
1752,깜,4,0
1753,린카,4,0
1754,아이돌,4,1
1755,중순,4,1
1756,포폴,4,1
1757,테마주,4,1
1758,컴,4,0
1759,후반,4,1
1760,거품,4,1
1761,모음,4,1
1762,세탁기,4,1
1763,실수,4,1
1764,사태,4,1
1765,해수,4,1
1766,대처,4,1
1767,진심,4,1
1768,주한,4,1
1769,뮬,4,0
1770,잡주,4,1
1771,발짝,4,1
1772,침,4,1
1773,분배,4,1
1774,금,4,1
1775,부장,4,1
1776,무지,4,1
1777,브리핑,4,1
1778,아픔,4,1
1779,콜라,4,1
1780,대박,4,1
1781,냥,4,0
1782,팁,4,0
1783,살충제,4,1
1784,자부심,4,1
1785,거치대,4,1
1786,휴지,4,1
1787,야기,4,0
1788,며칠,4,1
1789,지네,4,1
1790,화학제품,4,1
1791,극,4,0
1792,중기,4,1
1793,듬,4,0
1794,욕구,4,1
1795,시언,4,1
1796,연습,4,1
1797,살,4,1
1798,채식주의자,4,1
1799,강요,4,1
1800,원자로,4,1
1801,곡동,4,1
1802,소규모,4,1
1803,본연,4,1
1804,흑자,4,1
1805,사물,4,1
1806,저출산,4,1
1807,의문,4,1
1808,탈취제,4,1
1809,뒷좌석,4,1
1810,쟁점,4,1
1811,출산,4,1
1812,대륙,4,1
1813,컨셉,4,1
1814,순간,4,1
1815,산불,4,1
1816,사은품,4,1
1817,승,4,0
1818,성격,4,1
1819,기만,4,1
1820,가뭄,4,1
1821,근처,4,1
1822,이기,4,1
1823,편입,4,1
1824,펜,4,0
1825,근대,4,1
1826,얘,4,0
1827,기고,4,1
1828,코디,4,1
1829,노동력,4,1
1830,닥터,4,1
1831,돌,4,1
1832,홍콩,4,1
1833,전파,4,1
1834,전형,4,1
1835,드립,4,1
1836,무배,4,1
1837,철광석,4,1
1838,편견,4,1
1839,사이즈,4,1
1840,페이스북,4,1
1841,실효,4,1
1842,과도,4,1
1843,샤워,4,1
1844,동아제약,4,1
1845,정글,4,1
1846,소송,4,1
1847,북도,4,1
1848,생산자,4,1
1849,의심,4,1
1850,사이트,4,1
1851,종이컵,4,1
1852,머신,4,1
1853,대우건설,4,1
1854,무인,4,1
1855,회견,4,1
1856,세미,4,1
1857,명분,4,1
1858,흥행,4,1
1859,개막,4,1
1860,병기,4,1
1861,열쇠,4,1
1862,논,4,1
1863,해충,4,1
1864,모자,4,1
1865,강행,4,1
1866,엘리베이터,4,1
1867,모순,4,1
1868,허용,4,1
1869,놀,4,0
1870,로비,4,1
1871,농지,4,1
1872,선수단,4,1
1873,정체,4,1
1874,수영장,4,1
1875,김춘진,4,1
1876,발언,4,1
1877,마라톤,4,1
1878,본격화,4,1
1879,유럽연합,4,1
1880,품,4,0
1881,본업,4,1
1882,여의도,4,1
1883,청정에너지,4,1
1884,량도,4,0
1885,그린피스,4,1
1886,해결책,4,1
1887,작업자,4,1
1888,삼화,4,1
1889,보호구,4,1
1890,어르신,4,1
1891,절취선,4,1
1892,이너,4,1
1893,균,4,1
1894,영양소,4,1
1895,프린터,4,1
1896,대용량,4,1
1897,이물질,4,1
1898,예외,4,1
1899,내재,4,1
1900,리틀,4,1
1901,아일랜드,4,1
1902,영등포구,4,1
1903,수용,4,1
1904,조감도,4,1
1905,개수,4,1
1906,생애,4,1
1907,중시,4,1
1908,캐주얼,4,1
1909,업사,4,1
1910,장사,4,1
1911,북유럽,4,1
1912,조르단,4,1
1913,언서,4,1
1914,본상,4,1
1915,인치,4,1
1916,초대,4,1
1917,박근혜,4,1
1918,유산,4,1
1919,당사국,4,1
1920,여당,4,1
1921,제명,4,1
1922,철학,4,1
1923,정의당,4,1
1924,성동구,4,1
1925,부직포,4,1
1926,심미,4,1
1927,역시,4,0
1928,공중,4,1
1929,기축,4,1
1930,인접,4,1
1931,차로,4,1
1932,판매사,4,1
1933,경과,4,1
1934,위임,4,1
1935,어로,4,1
1936,제언,4,1
1937,직무,4,1
1938,추,4,0
